clientes,data_aquisicao,dat_cancelamento
Susan Sherrell,2024-02-16,2024-06-08
Anthony Martens,2020-07-01,2021-05-02
Sharleen Myers,2022-02-03,2022-11-30
William Bird,2020-06-24,2021-05-01
Victoria James,2026-01-02,2026-11-04
Dorothy Lopez,2022-09-05,2023-08-06
Merrilee Sturdivant,2026-07-24,2027-06-22
Julie Royster,2026-09-25,2027-07-30
Marie Dudley,2025-06-20,2025-12-19
Barry Granier,2020-06-23,2021-04-25
Linda Porter,2021-04-30,2022-01-09
Thomas Hommel,2025-08-25,2026-02-04
Matthew Case,2023-08-16,2023-11-13
Irene Wilkin,2021-03-26,2022-01-22
Jeffrey Brantley,2024-01-20,2024-07-22
Ronald Swann,2026-05-07,2026-12-16
Michael Landres,2023-05-16,2024-04-13
Melanie Acuff,2021-02-18,2021-06-09
Ernesto Gostlin,2025-07-27,2026-07-08
Kerri Delgado,2024-05-22,2025-01-22
Marjorie Lewis,2022-03-04,2022-07-01
Dollie Jenkins,2023-08-12,2023-11-12
William Murillo,2023-10-12,2024-04-15
Imogene Davis,2021-04-09,2021-05-12
David Bailey,2022-09-17,2023-05-17
Ryan Moore,2025-08-30,2026-04-15
Lucille Duchon,2020-05-17,2020-10-05
Robert Mikesell,2022-09-04,2023-01-06
Yolanda Howerton,2022-06-19,2022-12-25
Daniel Urbina,2020-09-26,2020-12-20
Keith Klein,2021-04-13,2021-07-04
Pamela Pierce,2024-08-09,2025-01-30
Dennis Witt,2026-05-03,2027-01-18
Christopher Fernandez,2021-01-11,2021-04-29
Margaret Gray,2020-12-04,2021-11-30
Stephanie Booth,2020-07-09,2021-03-20
Virginia Frederick,2024-02-09,2024-03-22
Dorothy Delahoussaye,2024-05-04,2025-03-11
Tanya Armstrong,2026-08-28,2026-12-01
Jamie Gonzales,2023-09-13,2024-01-28
Richard Viray,2024-07-23,2025-04-07
Amy Bradley,2023-09-05,2024-02-16
Melissa Hancock,2024-02-19,2024-08-13
Steven Moore,2023-05-10,2023-09-04
Colleen Marlar,2023-04-07,2024-03-19
Harold Holloway,2025-09-01,2026-03-23
Kelly Golden,2021-03-14,2022-02-05
Michael Carey,2020-01-23,2020-05-29
Ron Poblete,2026-07-17,2027-01-23
Larissa Carr,2024-05-28,2024-12-21
Ruth Pigeon,2024-01-12,2024-05-01
Tijuana Lester,2021-02-26,2021-06-30
Margaret Ware,2026-10-16,2027-06-23
Alma Smith,2021-12-31,2022-02-19
Barbara Davis,2020-10-09,2021-05-05
Stephanie Lodge,2021-09-07,2022-01-27
Maria Shick,2026-11-01,2027-09-18
Andrew Green,2024-05-01,2025-01-28
Christopher Mayo,2025-12-15,2026-05-30
Barbara Bradney,2026-09-02,2026-12-02
Cecelia Claussen,2020-02-20,2020-08-09
Darlene Zubiate,2024-03-10,2025-02-26
Angel Grate,2022-11-29,2023-01-09
Alfred Jackson,2024-02-08,2024-08-23
Mildred Newhall,2021-12-30,2022-12-02
Maxine Goto,2026-01-13,2026-08-15
Marilyn Nelson,2023-08-26,2024-07-20
Susan Davis,2022-04-02,2022-12-05
Carlos Speth,2022-10-07,2023-02-06
Bryan Holmes,2021-05-14,2021-07-02
Christopher Strand,2024-04-17,2024-06-16
Vivian Ran,2026-05-07,2026-10-21
Dale Foglesong,2020-08-19,2021-06-30
Dale Goodman,2024-06-12,2025-04-24
Darren Guajardo,2024-05-21,2024-10-13
Belinda Arroyo,2025-06-19,2025-09-28
Edward Lopez,2026-09-12,2026-12-03
Debbie Tooley,2024-07-19,2025-07-16
Janice Chatman,2024-05-27,2025-01-20
Virginia Wright,2026-07-13,
Catherine Brown,2025-06-16,
Joann Smith,2025-01-18,
Melissa Reyes,2021-09-04,
Jeffrey Edwards,2026-04-27,
Leonard Ralston,2024-08-15,
Alicia Whitacre,2024-01-06,
Carla Baumann,2021-10-14,
William Jacobs,2021-09-20,
William Wright,2024-06-17,
Adrianne Harren,2022-08-10,
Jana Knox,2022-06-06,
Lisha Wojcik,2025-08-07,
Linda Lewis,2020-11-01,
Dennis Cunningham,2023-08-08,
Roger Rentz,2020-11-02,
Santana Pollard,2020-06-11,
Brandon Hurdle,2022-02-18,
Brian Hammond,2022-02-15,
Heather Turner,2021-07-06,
Albert Tedeschi,2020-02-05,
Betty Puffer,2023-01-12,
Alicia Stafford,2025-11-18,
Robert Hausler,2020-02-13,
Altagracia Adkins,2020-01-26,
Bryant Stocker,2023-08-22,
Rachelle Mandrell,2025-09-01,
Helen Panzarella,2024-06-18,
Bertha Garay,2023-05-12,
Kevin Craig,2025-12-08,
David Piatt,2026-07-09,
Julie Edson,2026-04-17,
Ruth Graham,2023-01-03,
Bonita Steckler,2021-02-17,
John Paik,2026-05-17,
Leeann Pitts,2024-04-04,
Adele Miga,2024-02-01,
Joseph White,2026-05-25,
Norman Goldsberry,2020-10-15,
Donna Warren,2022-07-16,
Michael Botkins,2024-05-05,
Gerald Allen,2023-04-15,
Daniela Fairbanks,2026-12-28,
Teisha Caya,2020-10-29,
Melonie Morales,2024-03-31,
Judith Marple,2022-12-09,
Christopher Peavy,2024-02-16,
Mike Otero,2023-05-22,
Marguerite Charles,2024-11-10,
Charles Goldberger,2023-04-18,
Blanca Henderson,2020-05-15,
Joyce Debord,2026-11-15,
Kenneth Segura,2020-03-01,
Lowell Pahl,2022-06-01,
Juan Addison,2023-10-09,
Joe Zimmerman,2023-05-30,
Jennifer Hunt,2024-04-18,
Stephen Montoya,2021-07-30,
Peggy Evans,2026-10-19,
Robert George,2020-02-16,
Raul Jones,2022-06-01,
Leah Penrod,2024-02-01,
Sarah Mininger,2024-10-29,
Randy Shaw,2022-12-23,
David Flynn,2024-09-21,
Roger Grande,2023-07-08,
Teresa Vega,2020-11-15,
Virgil Payne,2022-12-26,
Harold Beard,2023-09-13,
Jacquelyn Hallack,2024-10-20,
Maria Adam,2026-10-03,
Sandra Gibson,2026-01-05,
Anna Ingram,2020-05-04,
Victoria Edwards,2026-02-19,
John Brady,2025-06-17,
Sarah Garcia,2025-03-26,
Amanda Anderson,2023-04-22,
Phyllis Rich,2026-11-20,
Heather Mcknight,2024-07-07,
Keith Shannon,2022-09-13,
Loretta Alcorn,2021-05-29,
Jonathan Simpson,2024-03-08,
Willie Robinson,2023-03-22,
Alfred Delacruz,2021-12-25,
Trevor Kennard,2021-10-18,
Zachary Amaya,2024-01-20,
Sharon Halsema,2023-10-30,
Aracely George,2022-11-14,
Arthur Allison,2023-10-29,
Jennifer Kenyon,2020-05-09,
Lauretta Kaminsky,2022-08-15,
Lavern Patterson,2023-11-20,
Valerie Escamilla,2026-11-20,
Mary Carrigan,2020-04-12,
Alice Krupa,2022-05-20,
Betty Hammer,2021-04-08,
Rachel Lester,2022-09-22,
Rosetta Merrell,2020-05-12,
Robert Lamb,2024-09-09,
Norman Vega,2026-07-11,
Stanley Kirk,2020-05-23,
Elaine Hill,2022-10-19,
Elise Creighton,2023-02-20,
Seth Lewis,2026-05-13,
Kelly Sell,2025-06-27,
Jeremy Hernandez,2024-02-16,
Matthew Stehlik,2025-02-21,
Sandra Mccasland,2025-03-22,
Jessi Lucier,2024-02-22,
Claude Wilson,2023-08-22,
Albert Guyette,2021-04-25,
Kelly Stanford,2025-10-25,
Timothy Petter,2025-03-26,
Glenn Jackson,2026-11-30,
Kyle Jones,2024-07-20,
Sherrie Warren,2026-12-15,
Lori Wolf,2023-09-04,
Robert Monger,2021-06-10,
Rosaria Brown,2020-02-11,
Anthony Edwards,2021-07-21,
Julie Fox,2026-04-13,
Isaac Cho,2026-07-07,
Judith Elmore,2021-02-27,
Barry Clay,2021-08-30,
Michelle Hornbuckle,2025-04-11,
Sean Stines,2025-08-18,
Kenneth Delp,2021-03-19,
Theresa Cruz,2025-01-20,
Donald Ryan,2021-12-03,
Augustine Peltz,2022-11-06,
Keith Ryan,2024-03-12,
Angela Karg,2024-05-11,
Julian Delisle,2022-01-08,
Maxine Seidman,2025-11-18,
Eloise Vu,2026-08-09,
Dianne Huling,2025-08-03,
Alexander Rufener,2026-11-30,
William Johnson,2021-04-10,
James Jones,2022-04-01,
Tom Carothers,2026-08-21,
Peggy Jackson,2022-09-26,
William Jones,2024-07-11,
Abraham Martin,2022-03-01,
Jesse Loya,2022-03-08,
Sean Wendler,2021-08-02,
Lonnie Mclaughlin,2020-05-21,
Debra Robinson,2020-09-12,
Thomas Arnold,2025-12-11,
Carlene Bishop,2024-02-17,
Maria Martin,2025-10-24,
Ray Quinn,2024-06-10,
Ian Jackson,2026-07-17,
Warren Daley,2022-07-12,
Martha Blanco,2024-10-19,
Kathy Brown,2021-10-27,
Vernon Dunn,2021-12-14,
Alida Estey,2025-02-07,
Joseph Weber,2020-10-09,
Roger Garcia,2024-01-12,
Melvin Miller,2026-09-08,
Nathan Rohrbacher,2024-11-01,
Evelyn Wilkinson,2020-07-07,
James Barrow,2024-02-15,
Patrick Wagner,2022-07-16,
John Jolly,2022-07-30,
Gary Morvillo,2021-01-03,
Dawn Navas,2025-05-25,
Dana Jauregui,2021-04-30,
Vicki Harris,2023-07-15,
Richard Wold,2026-02-05,
Kelly Jones,2023-08-19,
Dustin Struble,2021-01-25,
James Augustine,2021-04-07,
Gail Rodriguez,2020-08-27,
Timothy Lugo,2020-06-14,
Pauletta Garrett,2024-11-08,
Kathleen Shaw,2026-01-31,
Jonathan Ellis,2022-02-03,
Felipa Larocca,2022-11-21,
Ray Katz,2022-02-02,
Willie Wright,2022-01-23,
Marc Harrington,2023-04-06,
Cynthia Delgado,2020-04-28,
Shondra Beck,2025-12-24,
Brandy Gooden,2026-10-28,
Melissa Formica,2023-07-18,
Karyn Thao,2025-10-21,
Emily Cunningham,2025-01-23,
Logan Rivas,2023-04-18,
William Hoskins,2026-12-11,
Rita Heitzman,2021-03-18,
Richard Olivares,2023-06-30,
Robert Mcclinton,2025-01-19,
Aubrey Propes,2023-05-08,
Daniel Witt,2020-02-22,
Neil White,2024-12-02,
Tina Villeneuve,2026-06-08,
Traci Mendoza,2020-08-05,
James Lynch,2024-12-02,
Paul Todd,2021-04-21,
Michael Lockhart,2020-08-12,
Annie Newsham,2022-05-06,
Sue Palma,2025-06-02,
Tina Glasscock,2021-04-28,
Robert Bilderback,2024-09-14,
Pamela Spicer,2022-06-06,
Jeremy Crowley,2021-07-22,
Donna President,2020-10-25,
Ruth Ratcliff,2020-01-21,
John Stewart,2022-10-24,
Katherine Wilmore,2026-02-05,
Cheryl Garcia,2020-12-18,
John Heimann,2026-08-20,
Larry Farber,2021-05-14,
Kenneth Norton,2024-07-23,
Charity Mikolajczyk,2021-02-24,
Stacey Koons,2024-11-19,
John Baxter,2022-08-28,
Jayne King,2023-08-07,
Marie Martin,2023-10-17,
Alan Pilkenton,2023-01-11,
Harry Moore,2024-02-13,
Susan Eggert,2024-10-17,
Joyce Lewis,2022-01-21,
Eric Porter,2025-11-21,
Carolyn Wilson,2023-02-05,
Billy Smith,2023-08-23,
Joshua Lewis,2020-05-26,
Norman Zhou,2026-12-26,
Shirley Stevenson,2025-11-15,
Amos Jourdan,2021-08-05,
Odell Considine,2021-11-09,
Robert Caberto,2026-05-25,
Carlos Flens,2023-06-12,
Christopher Harrison,2026-08-28,
Peter Reeder,2024-06-24,
James Stevens,2024-11-21,
Eunice Johnson,2022-01-11,
Deanne Page,2024-01-13,
Eli Campbell,2021-07-23,
Barbara Lebeouf,2026-09-02,
Herbert Beard,2025-11-23,
Gene Burrell,2024-03-30,
Natalie Choi,2020-06-18,
Justin Wilson,2024-05-19,
Harold Patterson,2020-09-21,
Earl Nelson,2021-09-23,
Janet Munoz,2020-04-30,
Diana Cox,2023-11-30,
Joseph Gallogly,2022-06-23,
Carolyn Holden,2026-06-08,
Karen Perrault,2020-08-06,
Edward Caesar,2022-01-02,
Mildred Craze,2024-04-11,
Gary Reaves,2023-07-04,
Daniel Graves,2026-04-29,
Peggy Lewis,2024-11-05,
Wayne Frierson,2022-08-05,
Tracey Hirt,2020-08-24,
Lindsay Harter,2024-01-29,
Angelica Phillips,2026-10-03,
Michell Thomas,2020-06-24,
Shaun Robinson,2021-05-29,
Michael Westbrook,2023-09-11,
Alice Haley,2023-03-27,
Diane Bryant,2024-05-08,
Janice Yoshina,2021-01-18,
Michelle Mayfield,2025-11-21,
Selina Frisch,2022-06-07,
Kristen Dixon,2026-12-22,
Taylor Dec,2026-01-07,
Elizabeth Hiatt,2021-09-26,
Timothy Fortune,2021-12-29,
Candace Hicks,2023-09-26,
Elvis Seedorf,2022-08-10,
John Lambert,2021-10-23,
Anthony Delao,2021-08-10,
Josh Sexton,2020-07-27,
Clara Austin,2023-07-14,
Joan Fletcher,2023-06-22,
Damon Wilson,2021-01-01,
Jesenia Kim,2021-07-24,
Marcia Cobbs,2021-07-19,
Eva Goupil,2025-12-26,
Angelica Withem,2026-07-23,
Andrew Rudd,2020-01-21,
David Oliver,2026-10-26,
Rebecca Robinson,2021-04-30,
Charles Harlan,2023-08-30,
Anne Huether,2020-03-30,
Emily Sabatini,2021-12-09,
Jason Quinn,2024-02-13,
Stephanie Coleman,2024-01-19,
Ernesto Carver,2020-08-05,
Lloyd Maxwell,2021-05-14,
Patrick Valenzuela,2020-02-02,
Paula Mcknight,2023-01-06,
Jaime Steege,2025-11-20,
Patricia Gotay,2023-03-17,
Judy Robert,2022-01-26,
Jeanette Martin,2020-01-14,
Maria Hernandez,2022-04-13,
Linda Pickett,2025-05-28,
Traci Wagner,2020-07-15,
Carol Freeman,2021-06-08,
Lucinda Carroll,2022-09-25,
Alan Knobloch,2023-04-10,
Brian Guyton,2020-02-26,
Anthony Hickey,2021-10-19,
Marco Gutierrez,2021-04-14,
Greg Martin,2024-03-19,
Linda Rozmus,2026-04-14,
Buford Scott,2024-12-25,
Reginald Claudio,2025-04-13,
Gwendolyn Horton,2025-05-09,
Bernard Byassee,2021-12-23,
Barbara Hanson,2020-10-07,
Jessica Jones,2021-01-05,
Jennifer Cary,2023-12-19,
Mary Hedrick,2025-02-21,
Julie Lunt,2025-06-18,
Paul Rohrs,2023-08-29,
Peter Groth,2020-11-05,
Patty Helmy,2022-04-24,
Madeline Long,2020-10-09,
Jose Lowe,2021-05-28,
Cedric Thurman,2026-07-03,
Sherri Brummell,2026-02-08,
Dwayne Gurley,2021-05-12,
Robert Miller,2023-04-24,
Melissa Butler,2021-10-13,
Deborah Paz,2021-06-20,
Cynthia Hensley,2020-07-13,
Juan Bonnette,2023-05-21,
Charles Vaughan,2023-03-04,
Diane Sandstrom,2025-06-14,
Susan Adelman,2022-10-21,
Bertha Rodriquez,2025-07-08,
Amanda Russell,2024-10-25,
Edith Sanchez,2024-09-16,
Earl Hanley,2021-03-09,
Juanita Harris,2025-08-21,
Alfonso Sims,2022-12-23,
Charles Manley,2021-09-02,
Evelyn Cross,2025-08-14,
Clarita Dennis,2020-05-17,
Carlos Roark,2021-07-02,
Edward Travers,2026-05-18,
Lewis Hatfield,2022-04-07,
Lois German,2021-09-20,
Lila Nagao,2022-03-16,
Erica Matthews,2022-05-07,
Leslie Davis,2026-11-17,
Bruno Elder,2023-01-13,
April Marceau,2023-12-21,
Judy Easley,2021-12-03,
Ramon Pereira,2022-05-23,
Richard Mickens,2024-09-30,
Geneva Thomas,2021-03-01,
Jesus Mccune,2020-01-25,
James Owens,2024-08-02,
Carolyn Nguyen,2020-01-31,
Arthur Anderson,2022-03-26,
Jacklyn Alexander,2023-01-30,
Elizabeth Hines,2022-11-17,
Erin Elder,2026-05-14,
Paul Jarrett,2024-04-19,
Joseph Hill,2020-08-15,
Cody Bertalan,2021-05-29,
Luanna Hertel,2024-01-31,
Jessica Byrd,2024-01-12,
Diane Dodson,2021-04-15,
Frank Chavez,2026-06-26,
Cedric Ford,2025-09-05,
William Mathews,2024-04-19,
Janice Hines,2023-11-18,
Jackie Kubota,2020-08-17,
Kenneth Lemire,2020-01-02,
Randy Vadala,2025-10-04,
Frank Kowalewski,2021-12-26,
Mary Cordray,2024-01-14,
Matthew Billings,2025-07-03,
Daniel Sifford,2021-12-05,
Mitchell Singleton,2022-03-12,
John Lopez,2023-04-02,
Mark Santos,2022-10-30,
Gloria Allen,2026-09-05,
Gabriel Barnes,2021-05-07,
Betty Williams,2026-11-04,
Emma Mckinney,2021-08-17,
Michael Duncan,2020-02-23,
Alma Grimm,2020-03-29,
Laura Fallon,2025-07-13,
Donald Payne,2022-01-08,
Gary Perryman,2026-02-03,
Tamekia Hulse,2024-06-13,
Ralph Mcadam,2022-03-14,
Brandon Legette,2024-10-20,
Christine Cole,2020-05-29,
Tiffany Killingsworth,2021-07-12,
John Schlarbaum,2022-10-24,
Johnny Beam,2025-10-09,
Patricia Gwinn,2026-06-10,
Georgia Barbrick,2021-12-17,
Kelli Bowman,2021-02-17,
Carl Simmons,2021-03-21,
Davina Jewell,2022-09-22,
Mary Horton,2026-03-31,
Ophelia Hawkins,2022-09-18,
Rosemarie Mchargue,2025-09-26,
Josefina Thompson,2024-05-09,
Robert Watkins,2024-03-02,
Henry Crews,2021-01-15,
Claudia Walker,2020-01-04,
Richard Doll,2025-03-19,
Margaret Bisson,2023-04-19,
Elvin Richardson,2022-03-07,
Amy Deblauw,2025-09-22,
Robert Sanders,2024-07-21,
Carol Biggs,2026-12-10,
James Hill,2025-09-21,
David Moyer,2025-10-25,
Maria Towe,2020-08-09,
Erika Beach,2020-07-05,
Solomon Rovinsky,2021-06-09,
Walter Bridges,2020-10-28,
Jeanne Williams,2023-12-29,
Dianna Iannotti,2021-09-22,
Pedro Underhill,2025-06-22,
Jonathan Rankin,2020-03-14,
James Carr,2023-04-03,
Sherry Stewart,2022-02-08,
Duane Seaman,2022-02-23,
Ada Kerr,2024-07-16,
Jacinto Childs,2026-12-30,
John Palovick,2023-12-04,
Mike Yurek,2025-02-26,
Fannie Bailey,2022-08-17,
Rachel Navarro,2026-12-14,
Kevin Jones,2023-11-21,
Richard Joslyn,2023-07-03,
Denise Johnson,2021-10-18,
Patricia Guzman,2025-03-08,
Frances Garrett,2021-02-20,
Marquita Ryan,2022-08-18,
Donald Jaquess,2021-10-14,
Marjorie Mitchell,2022-08-16,
Thomas Liu,2025-10-12,
Kelly Parker,2022-09-23,
Emmanuel Olivarria,2022-02-18,
Clarence Jones,2021-07-28,
Joseph Augusto,2023-05-19,
Maria Durham,2026-03-15,
Patricia Cochran,2021-02-07,
Terry Herbert,2025-07-30,
Philip Butler,2021-05-01,
Barbara Licudine,2022-12-01,
Lori Schaffner,2021-05-16,
Jesus Warnack,2024-03-23,
Robert Curry,2023-05-22,
Marta Barrera,2020-05-16,
Joseph Shaw,2026-08-11,
David Coleman,2020-09-23,
Stanford Landor,2023-02-09,
Allan Donoho,2021-05-08,
Stephane Cutting,2022-12-13,
Julian Gray,2022-03-09,
Claire Franciscus,2026-10-04,
Amanda Amsterdam,2025-11-07,
Holly Wilson,2025-05-05,
Melanie Sanchez,2021-11-30,
Mary Burks,2020-02-21,
Willard Giroux,2021-11-30,
Edna Stermer,2024-11-25,
William Capossela,2025-01-24,
Kevin Laird,2021-12-19,
William Benson,2026-12-05,
Sadie Butler,2022-04-05,
Donald Marotta,2025-09-17,
Clayton Fehrle,2025-07-15,
Samuel Wilson,2025-01-08,
Kimberly Kachermeyer,2025-07-11,
Thomas Lindenbaum,2026-06-12,
Susan Napper,2021-01-18,
Eddie Sollenberger,2024-08-26,
Frank Self,2025-07-18,
Thomas Howard,2021-10-23,
Joseph Hamilton,2021-01-21,
Deborah Vigue,2021-04-01,
Charlotte Ochoa,2024-08-19,
Etta Blount,2022-06-20,
William Gaudette,2022-03-20,
David Luck,2020-07-03,
David Collins,2022-11-21,
Jennifer Anderson,2024-11-28,
Ona Thompson,2022-08-29,
Jennifer Greene,2022-05-06,
Tracy Lacoste,2021-07-17,
Carol Curtis,2021-05-27,
Alesia Russi,2022-08-07,
Jeremy Harris,2026-04-04,
Janet Wilhoit,2022-11-08,
Yvonne May,2021-02-12,
Cindy Dale,2023-05-21,
Elizabeth Williams,2020-11-07,
Kenneth Gay,2022-09-08,
Donna Ferguson,2023-12-24,
Thomas Matthews,2023-11-18,
Laura Judd,2023-09-17,
Harold Chin,2025-06-10,
Edward Dicarlo,2023-11-23,
William Pipkin,2020-01-18,
Hattie Lee,2026-08-18,
Charlene Kron,2022-12-24,
Dana Vito,2023-09-05,
Chi Madera,2024-04-28,
Fatima Williams,2023-09-10,
Laurence Drane,2024-10-12,
Edith Nickle,2023-11-25,
Alice Duran,2024-07-16,
Marc Mcmanis,2022-06-22,
Andrew Bane,2025-01-15,
Yvonne Friedrichs,2026-08-10,
David Richardson,2024-09-03,
Richard Earls,2026-08-02,
Louis Clark,2026-09-24,
Bernadette Bennett,2024-03-11,
Joanna Thoren,2021-07-28,
Ann Smith,2021-02-22,
Peter Payne,2026-09-27,
John Lamp,2026-07-24,
Shirley Bradford,2026-05-14,
Michael Norman,2026-02-24,
Timothy Rolfe,2025-08-13,
Alicia Mildenstein,2022-04-05,
Lindsay Henry,2020-12-06,
Timothy Yanchik,2022-10-20,
Margaret Linsley,2023-01-09,
Ron Kasprowicz,2026-04-15,
Jim Garrick,2021-01-01,
Larry Cegielski,2025-01-21,
Barbara Thomas,2023-03-27,
David Lopez,2023-02-23,
Lien Sheahan,2022-05-12,
Ann Harari,2022-03-21,
Dianne Aveline,2024-04-22,
Marla Camarillo,2020-10-08,
Vanessa Hinton,2026-08-16,
Stephanie Middaugh,2020-02-22,
Ollie Numbers,2021-10-11,
Luis Baker,2020-12-17,
Mona Dixon,2024-12-10,
Caroline Ratliff,2022-04-23,
John Bowman,2022-06-13,
James Martin,2021-11-03,
Carmen Goldsmith,2020-01-14,
Julie Toohey,2022-04-21,
Sharon Pinkston,2024-04-17,
Harry Brown,2021-10-03,
Frederick Adams,2026-12-27,
Tiffany Cogar,2024-08-22,
Anna Crossmon,2023-04-07,
Glenda Martinez,2023-09-15,
Sergio Flores,2021-01-07,
Mikki Yopp,2020-07-12,
Sheila Corlew,2026-06-20,
Kari Strong,2024-08-02,
Karen Rogers,2021-07-06,
Carrie Steele,2020-10-13,
Carol Musante,2020-09-28,
Alejandra Boland,2021-05-16,
Peter Smith,2021-10-19,
Jacklyn Hogan,2022-05-12,
Robert Harbin,2022-09-19,
Lynn Miller,2026-07-10,
Carl Brady,2020-03-21,
Mark Mcdougald,2021-05-24,
Eva Mitchell,2024-06-19,
Cecilia Betts,2021-05-25,
Maria Aycock,2024-03-24,
Charles Fallon,2024-03-26,
Nancy Lee,2026-07-29,
Douglas Durham,2026-10-14,
Ralph Merritt,2021-10-08,
Ruth Flynn,2025-02-22,
Bobby Taylor,2022-08-26,
Joseph Tompkins,2021-07-07,
Ethel Sarver,2024-10-07,
Glenn Pelham,2024-10-18,
Todd Montiel,2024-08-03,
Daniel Money,2022-06-21,
Tristan Matson,2023-05-05,
Samuel Smith,2023-10-14,
William Davis,2023-02-22,
Georgia Swisher,2020-12-11,
Adam Gambill,2020-03-11,
Elizabeth Guilliam,2025-04-29,
James Schnarr,2023-11-27,
Gary Chiariello,2024-02-29,
John Okeefe,2021-01-15,
Wendy Hays,2025-08-04,
Michael Kratochvil,2023-08-17,
Leonardo Jenkins,2022-12-11,
Pamela Gonzales,2026-03-01,
Anna Hunter,2023-05-29,
Frank Rivera,2026-02-11,
Cynthia Nicola,2024-12-29,
Laverne Lilley,2024-01-13,
Orlando Mcpherson,2021-04-25,
Theodore Stokes,2022-03-18,
Robert Potts,2026-04-25,
Timothy Terry,2020-02-23,
Henry Rodriques,2021-07-06,
Ralph Valle,2026-09-17,
Connie Mayfield,2023-05-20,
Marcell Balcom,2024-06-03,
Jeremiah Gaines,2025-07-03,
Kelvin Brown,2022-05-09,
Mendy Bishop,2024-03-13,
Renee Ellsworth,2025-12-05,
Marjorie Yeh,2024-07-25,
Wanda Bennett,2024-01-01,
Ryan Shields,2023-05-04,
John Manning,2024-08-13,
Lola Beaudin,2024-05-24,
Sandra Evans,2023-02-07,
Jamie Newkirk,2023-07-02,
Jeffrey Bell,2024-04-18,
Billy Mangone,2024-07-21,
Lance Herron,2023-05-02,
Michael Morse,2025-12-03,
Josefina Searle,2024-05-18,
Shaun Trela,2022-12-03,
Erwin Corbitt,2025-05-25,
James Schaffer,2026-08-16,
Kathie Keiss,2022-09-28,
Candice Wright,2024-03-01,
Michael Alvarez,2021-03-02,
Leslie Kinde,2022-02-01,
Jacqueline Arnold,2026-10-08,
Margaret Korth,2020-05-27,
Kimberly Stevenson,2022-08-08,
Robert Brown,2025-05-02,
Bradley Conyer,2022-10-13,
Caroline Lawler,2024-09-25,
William Garcia,2026-02-15,
Thomas Ellis,2024-06-26,
Lois Oge,2026-10-29,
Timothy Aiton,2025-07-22,
Danny Barbosa,2024-07-25,
Lidia Minton,2025-01-02,
Susan Desai,2022-01-11,
James Thibodeau,2021-07-07,
Kristie Henderson,2023-04-29,
Van Dickinson,2024-10-17,
Diana Patton,2023-03-18,
Roxann Torbert,2026-10-17,
Jeannette Smith,2024-11-14,
Irene Adams,2021-07-06,
Barbara Williams,2025-01-10,
Brenda Wallace,2023-04-14,
Michael Shuman,2023-01-28,
Julian Clarke,2025-05-20,
John Austin,2024-02-26,
Kirk Mease,2025-10-09,
Glenn Carnahan,2026-03-10,
Magdalena Stout,2024-08-29,
Merle Cawthorne,2023-10-15,
Robert Buskey,2021-05-26,
Lela Forte,2022-10-22,
Lea Cantella,2024-03-09,
Kimberly Hutchison,2022-03-17,
Mary Wilson,2021-04-01,
Isaac Kile,2021-09-07,
Thomas Ball,2020-07-03,
Jacqueline Wright,2023-07-10,
Sheila Mcglade,2021-01-19,
Elinor Havir,2025-10-09,
Raymond Dawson,2021-05-30,
Mary Price,2023-10-24,
Martha Welch,2020-02-23,
Jessica Neumeyer,2021-04-30,
Irma Turrubiates,2025-11-19,
Clarence Chait,2025-08-18,
Roberta Schley,2022-02-16,
Karen Ulatowski,2026-02-14,
Leah Wilczynski,2020-04-26,
Karin Westover,2022-02-03,
Jan Chaney,2025-08-15,
Tara Jost,2021-08-27,
William Barker,2023-02-06,
Larry Scott,2025-04-30,
Nathan Risser,2023-11-15,
Winnie Cole,2022-08-24,
Karen Wiley,2022-10-08,
Anita Blanton,2024-07-19,
Kenneth Boutte,2023-10-19,
John Bluhm,2021-08-06,
John Smith,2025-05-06,
Mitsue Montgomery,2024-12-05,
Kenneth Jacques,2025-03-14,
Tim Adair,2022-06-07,
Steven Chernoff,2020-10-24,
Gilbert Williams,2023-02-20,
Sadye Ratzlaff,2026-10-10,
Louis Makowski,2020-05-10,
Anna Mack,2021-08-23,
Brenda James,2024-07-01,
Florence Antolin,2021-06-19,
Blanca Roberts,2021-08-10,
Lois Elam,2025-03-01,
Joshua Busby,2022-10-08,
Kenneth Montanye,2024-04-06,
Richard Backer,2023-09-12,
Ernestine Raposa,2021-05-28,
Duane Morrow,2024-11-27,
Michael Tubbs,2026-05-30,
Francis Mills,2021-01-04,
Mary Mccaslin,2024-09-02,
Matthew Gauthier,2022-08-29,
Vickie Golden,2022-11-29,
Gina Harris,2023-06-17,
Walter Campbell,2025-03-17,
Calvin Gibson,2020-05-29,
James Morrow,2022-11-21,
Jolie Merritt,2022-03-27,
Nicole Lee,2026-08-09,
Sebastian Walters,2024-02-24,
Joann Flowers,2022-10-26,
Juan Michael,2026-06-03,
Tony Williams,2022-08-10,
Thomas Mcdonald,2026-02-18,
Jesse Hammons,2025-02-02,
Andrew Caserta,2025-08-23,
Thomas Odell,2024-04-06,
Heidi Vires,2024-06-22,
Anna Stevens,2023-01-03,
Donald Prothro,2024-04-07,
Erin Barnes,2024-07-03,
Glenda Michels,2026-04-28,
Victor Banks,2021-02-04,
Donna Davis,2024-09-26,
Toni Nunez,2023-06-22,
Don Kaplan,2021-03-16,
Carolyn Delrio,2025-11-14,
Corine Ullrich,2025-02-16,
David Rau,2026-01-31,
Warren Vargas,2024-07-03,
Kristopher Carter,2023-03-03,
Samuel Fowlie,2024-01-31,
Michael Wiggen,2024-10-07,
Duncan Hereford,2021-03-04,
Mary Guidry,2020-03-26,
Summer Hicks,2023-03-28,
Joyce Andrews,2023-08-23,
Shannon Friday,2025-07-19,
Miguel Gaarder,2022-07-09,
Joseph Tompkins,2023-06-10,
Vicky Lee,2020-11-15,
Robbie Simons,2025-11-12,
John Sevilla,2026-02-05,
Melissa Moore,2023-01-16,
Thelma Evans,2026-02-24,
Stephen Miller,2022-10-19,
Robert Herrera,2021-02-01,
Stephen Ralston,2020-02-20,
Kimberly Wagner,2023-05-07,
Martha Williams,2023-12-24,
Ben Greco,2022-05-25,
Tina Wilson,2026-06-15,
Philip Miller,2025-04-12,
Rafaela Hutchins,2024-06-23,
Paula Quillen,2020-02-03,
Theda Rembert,2020-07-09,
Edward Thompson,2021-04-15,
Arthur Miller,2026-06-18,
Jacquelyn Renk,2023-02-02,
Hazel Carvin,2025-04-24,
Charlotte Williamson,2022-01-21,
Beatrice Tuttle,2023-12-28,
John Casey,2026-10-25,
Robert Chadwell,2025-01-13,
Bill Hughes,2023-05-22,
Tiffany Hill,2020-12-29,
Shirley Gentile,2026-12-02,
David Reid,2020-01-01,
Mary Carr,2024-12-29,
Vida Watkins,2022-04-20,
Helen Garcia,2024-07-04,
Geraldine Graven,2026-04-29,
Richard Scruggs,2022-12-11,
Timothy Mims,2020-09-04,
Lewis Brun,2020-12-01,
Eleanor Sun,2026-10-04,
Richard Hampton,2024-07-10,
John Sodomka,2022-10-27,
Kimberly Alvares,2023-05-06,
Orlando Davis,2025-07-25,
David Schloss,2021-07-21,
Thomas Johansson,2020-10-19,
William Clark,2023-10-22,
Mark Wiederhold,2025-09-13,
Joseph Lindsay,2024-12-20,
Patricia Rice,2020-06-10,
Mary Wooten,2023-06-12,
Percy Horton,2026-09-08,
Fabian Escobar,2020-08-09,
Emmanuel Navarro,2020-02-01,
Pamela Laverriere,2020-04-10,
Frank Blackstock,2021-10-18,
Michael Carman,2025-09-08,
Elva Rigsby,2026-06-16,
Carol Ross,2023-05-20,
Edna Turner,2025-05-02,
Sophia Franklin,2024-10-06,
Lisa Burns,2026-06-29,
Dorothy Bailey,2022-11-17,
Marvin Swanger,2026-05-07,
Donna Houser,2021-09-08,
Louise Streller,2024-08-26,
Rubin Lobe,2025-09-27,
Melissa Riley,2024-09-24,
Guadalupe Alexander,2024-06-21,
Karin Burback,2025-02-15,
Ilse Moore,2021-11-09,
Carolyn Shuford,2020-06-04,
Luis Mays,2024-06-26,
Patty Virgil,2025-04-10,
Shannon Beebe,2023-01-09,
Bobbie Overton,2023-04-19,
Georgette Vanschoick,2024-02-29,
Andrew Zimmer,2025-04-30,
Jose Franck,2021-09-30,
Tammy Hutchins,2025-07-04,
Troy Gold,2020-09-17,
Raymond Pullum,2024-12-31,
Michael Guetierrez,2022-11-01,
Kenneth Dotson,2023-09-04,
Norma Rhodes,2025-12-15,
Ronald Flores,2021-01-16,
Karen Mondragon,2026-07-15,
Christian Forrester,2025-06-20,
Helen Murphy,2024-05-18,
Victor Willis,2026-06-29,
Janice Roundtree,2020-01-31,
Lahoma Goss,2020-05-14,
Jeffery Lopez,2020-09-08,
Ralph Crisp,2021-05-20,
Donald Eckert,2024-05-11,
Judith Favorito,2024-09-17,
Gary Short,2026-02-01,
Faye Hoffman,2024-10-22,
Nelson Mendez,2022-06-01,
Sarah Hochstetler,2025-10-05,
Robert Harris,2023-08-26,
David Lopez,2026-03-14,
Richard Goshorn,2020-10-24,
Roger Hudson,2024-10-13,
Dwayne Marshall,2024-03-31,
James Wilson,2020-04-13,
Guy Mcarthur,2024-09-17,
Audra Sanders,2024-10-04,
Eva Gustafson,2022-08-22,
Charles Owens,2025-12-07,
Donald Watts,2022-08-04,
Patricia Nguyen,2020-08-21,
Heidi Fiske,2021-09-10,
John Zuber,2022-07-14,
Mildred Montez,2024-08-05,
Juan Chiaramonte,2026-09-18,
Kevin Chase,2024-10-15,
Robert Jones,2020-05-24,
David Newton,2022-01-23,
Craig King,2022-11-25,
Patricia Embree,2026-07-28,
Oscar Hart,2023-07-26,
Yolanda Cardone,2023-03-09,
Celia Christopher,2025-06-30,
Anne Bayer,2025-08-28,
Paul Mills,2021-03-28,
Shanon Thornton,2021-10-31,
Linda Knopp,2021-08-15,
Brandon Black,2025-10-05,
Grace Sliz,2023-02-05,
Robert Brunton,2021-06-08,
Christa Hyden,2022-05-21,
Robert Hooper,2020-10-29,
Lindsey Bryant,2022-12-24,
John Knoll,2023-07-02,
Shirley Cintron,2022-06-14,
John Isaksen,2020-01-02,
Ron Edwards,2026-12-08,
Vera Lopez,2022-05-13,
Tara Toft,2021-01-23,
Renee Sayles,2020-01-05,
Dean Alvarado,2023-08-04,
Nicole Filip,2021-12-29,
Robert Lewis,2020-01-31,
Stephanie Powell,2023-08-02,
Beatrice Herrington,2020-08-08,
Judy Stillwagon,2025-06-16,
Ronald Grohs,2022-09-27,
Donna Eaton,2020-06-14,
Violette Qualls,2026-06-01,
Theresa Garrett,2023-12-18,
Trudy Cunningham,2024-08-25,
Elizabeth Bury,2025-12-17,
Priscilla Roberts,2022-06-23,
Albert Champagne,2026-09-17,
Joan West,2022-01-13,
Jan Hernandez,2024-07-14,
Ollie Hershman,2021-04-03,
Timothy Chen,2020-08-26,
Iva Griffie,2020-06-10,
Jennifer Bodrey,2024-05-17,
Cindy Moore,2026-09-21,
Arlene Bailey,2022-06-23,
Rebecca Matthews,2021-04-23,
Michael Shipley,2021-05-25,
Curtis Bova,2023-06-14,
Mark Conner,2023-02-22,
Christine Nieto,2020-08-26,
Patsy Burr,2024-03-19,
Mary Rivera,2024-03-18,
Walter Partis,2020-07-03,
Sylvia Monterrano,2026-03-18,
Annie Usher,2026-11-29,
William Wildey,2025-09-26,
Allen Stolar,2022-07-29,
Kim Powell,2026-10-14,
Deborah Hoban,2021-11-05,
Jeffrey Hulbert,2021-08-16,
Janyce Wyatt,2020-08-09,
Leticia Needleman,2024-04-28,
William Banks,2024-12-17,
Paula Gibbs,2020-10-05,
Brian Boldt,2025-08-14,
Harvey Kuhns,2025-01-27,
Na Roberts,2025-02-18,
Margaret Sanders,2021-03-15,
Maxwell Lee,2023-06-12,
James Riesenberg,2023-01-31,
Norma Burkman,2024-03-10,
Barry Yang,2022-12-06,
William Woods,2026-01-20,
Vickie Mcsorley,2026-04-19,
Joseph Kastner,2020-10-01,
William Moore,2023-01-29,
Susan Lee,2022-08-15,
Elizabeth Brown,2025-01-19,
Bobby Lane,2021-08-21,
Kim Bream,2022-01-20,
Alfred Wineland,2021-08-05,
Blaine Auton,2022-07-06,
John Nash,2022-05-15,
Bruce Martinez,2023-10-10,
Tracy Collins,2025-05-17,
Andrew Weinhold,2022-11-09,
Deborah Bigelow,2026-12-06,
Davis Hall,2026-05-03,
Guadalupe Dabney,2022-10-02,
William Leary,2020-05-01,
John Dimmick,2022-10-18,
Janet Clay,2022-09-28,
Andrew Harrison,2023-08-09,
Dylan Pothier,2021-12-10,
John Vigna,2024-03-06,
Tim Mills,2020-10-03,
Olivia Knight,2020-02-01,
Amanda Tracy,2026-02-02,
David Johnson,2020-11-14,
Teresa Huelle,2024-11-24,
Ryan Tabb,2025-02-11,
Jesse Symons,2026-10-17,
Teddy Mobilia,2022-10-01,
Wayne Dowdy,2022-06-10,
Catherine Lee,2021-08-25,
Richard Crazier,2021-03-01,
Jamie Barb,2021-11-27,
Richard Milam,2022-03-13,
Andrew Whitaker,2026-09-09,
Claude Russell,2021-04-07,
Shawn Summers,2022-07-24,
Tiffany Moyer,2026-03-24,
Joe Rantz,2020-04-10,
Colleen Burch,2021-06-04,
Scott Thao,2024-03-19,
Steven Burrell,2024-11-05,
Mary Long,2023-03-05,
Mirta Hanks,2023-11-04,
Shelia Douglas,2021-12-03,
Jack Pittman,2026-03-20,
Lorraine Duesterhaus,2024-10-07,
Kathleen Duran,2020-06-02,
Rick Whetstone,2026-11-16,
Christie Williams,2023-04-20,
Luz Legros,2023-07-14,
Peggy Greer,2021-08-25,
Rickie Salazar,2023-10-12,
Lawrence Sugarman,2021-11-17,
Kevin Sanders,2026-04-14,
Vivian Carpenter,2024-08-25,
Wendy Johnson,2021-11-17,
Steve Fischer,2025-07-17,
Norman Mosley,2025-12-11,
Judy Manalili,2020-09-21,
Dominic Racilis,2021-05-15,
Jaime Inman,2021-10-29,
Bessie Murphy,2020-12-22,
Sanjuanita Chewning,2024-12-09,
John Burdine,2024-09-22,
Mamie Ouellette,2025-06-20,
Kourtney Williams,2024-03-18,
Harry Freeman,2023-06-13,
Kimberly Mcguire,2025-06-11,
Gloria Langton,2023-02-07,
Melvin Rishel,2025-10-03,
Allyson Rexrode,2025-09-25,
Anita Nguyen,2025-07-14,
Deana Patterson,2021-12-08,
Willis Williams,2025-02-22,
Debra Kirk,2024-07-10,
Adam Bethune,2026-05-05,
Lori Betts,2020-02-12,
Gerald Ferrell,2024-02-25,
Peter Ling,2025-10-17,
Marion Boyd,2025-09-13,
Gregory Hess,2022-01-12,
Margaret Schmidt,2026-06-20,
Elizabeth Williams,2025-04-04,
Gail Mason,2025-06-12,
Sammy Berry,2023-05-12,
Sylvia Wallis,2025-03-04,
Oliver Rock,2026-08-26,
Robert Ahrens,2020-09-29,
Michael King,2026-09-18,
Richard Richardson,2021-11-14,
James Sullivan,2025-03-03,
James Peavy,2024-06-17,
Ashley Cortes,2026-08-31,
Elizabeth Allen,2022-02-19,
Zachary Mercier,2023-11-25,
Sharon Sather,2022-11-24,
Danny Gonzalez,2026-01-04,
Dana Fowler,2020-09-18,
Michael Hendrickson,2025-12-26,
Delores Moy,2020-12-29,
Joseph Zamudio,2024-06-28,
Lucille Lawson,2020-07-20,
Salvatore Stephens,2026-08-20,
Joyce Banks,2020-09-25,
Don Toto,2023-02-14,
Joann Cole,2023-05-01,
Gerald Ginther,2021-05-15,
Nell Brown,2022-06-24,
Mark Gustafson,2021-02-09,
Richard Dalton,2022-07-02,
Heather Wolford,2022-08-07,
Violeta Coleman,2024-11-22,
Paul Allen,2026-10-10,
Gustavo Ellis,2026-08-09,
James White,2020-01-24,
Alan Dale,2020-06-05,
Thomas Sherman,2023-11-02,
Ernesto Meissner,2026-11-11,
Raymond Knight,2026-08-18,
Robert Stonebraker,2021-07-03,
Mary Tedrow,2025-12-13,
Daine Morabito,2026-03-26,
Kayla Nelson,2024-01-26,
Charles Matchett,2025-12-23,
Russ Houseknecht,2023-02-20,
Ron Scott,2021-03-14,
Rex Canas,2023-09-01,
Darrell Sanders,2022-01-28,
John Dupont,2022-12-01,
Alfred Frost,2026-05-22,
Spencer Austin,2024-06-22,
Flora Borghese,2020-08-19,
Enrique Parker,2021-02-14,
Larry Fred,2020-06-04,
Scott Young,2023-10-28,
Emily Hall,2024-05-14,
Viola Andrews,2022-07-02,
Russell Smith,2024-04-25,
Daniel Digangi,2020-06-04,
Wayne Davis,2022-11-22,
Verna Hart,2025-02-14,
Robert Sanchez,2023-12-10,
Robert Dunham,2022-07-02,
Jill Reuter,2022-02-17,
Sean Moss,2021-02-23,
Alex Cortez,2023-08-09,
Robert Abramson,2022-08-26,
Elizabeth Griffies,2026-10-23,
Chris Gingerich,2026-12-22,
Willie Laney,2020-03-17,
Chante Leon,2026-12-15,
Sandy Ammons,2025-06-22,
Louise Cruz,2023-06-29,
Aida Kennedy,2021-09-15,
Heidi Buford,2025-06-08,
Elsie Warren,2025-12-05,
Daniel Ortiz,2021-10-25,
Thad Shepherd,2025-07-20,
Eva Ballard,2020-12-16,
Pamela Gregory,2022-06-12,
William Cookson,2022-10-27,
Alisa Madry,2020-10-13,
Stephen Pittman,2024-05-03,
Timmy Sledge,2020-11-15,
Philip Hoag,2020-06-26,
Frankie Breden,2024-08-23,
Raymond Sayle,2024-01-25,
Carla Tasker,2020-07-25,
Jeffery America,2023-06-07,
Sarah Becker,2021-06-16,
Steven Ratliff,2025-02-04,
Sheri Westgate,2022-08-24,
Robert Hudson,2020-08-23,
Shantel Hinson,2025-11-07,
Dana Barfield,2021-09-01,
Dale Arnhart,2023-03-04,
Pamela Borden,2025-09-22,
Richard Jackson,2025-01-10,
Stephen Krafft,2021-02-12,
Raymond Santucci,2023-05-27,
Fred Hyslop,2023-10-28,
Charles Barnes,2026-06-16,
Micheline Szabo,2022-11-28,
Carol Robinson,2023-12-17,
Leona Farry,2021-01-31,
Sheri Foster,2026-09-20,
Martha Orton,2022-05-21,
Napoleon Roberts,2024-08-22,
Brian Brown,2021-09-19,
Richard Wilson,2024-05-14,
Antonio Adams,2026-04-07,
Rudolph Ballinger,2025-12-28,
Bob Petersen,2024-09-19,
Vincent Coulter,2025-07-11,
Samantha Tanner,2023-03-26,
Barbara Isaacs,2020-08-22,
Harold Chapman,2024-09-01,
Robert Wells,2025-01-10,
Emilie Wilson,2026-02-09,
Sarah Ferebee,2021-09-17,
Glenn Norman,2024-12-07,
Lily Lewis,2025-01-23,
Mona Waters,2024-09-06,
Beatrice Peco,2021-03-21,
Francis Whitehorn,2021-09-23,
Dolores Ricci,2024-06-30,
Peter Carter,2023-11-26,
James Gallagher,2022-05-04,
Carmen Duckworth,2020-05-24,
Jannie Thomas,2026-10-08,
Florence Ditman,2023-02-27,
Gearldine Lawrence,2026-05-02,
Barry Saucedo,2024-09-20,
William Castro,2026-11-18,
Jenifer Sartor,2026-01-06,
Susan Hart,2025-06-29,
Jennifer Wood,2023-08-01,
Lillie Gonzales,2021-01-24,
Orlando Newby,2023-12-01,
Kristin Farmer,2024-10-16,
Leo Bradley,2023-08-10,
Amanda Menken,2021-12-25,
Joe Hudson,2023-05-13,
Alvin Tovar,2023-03-15,
Dennis Drey,2026-10-06,
Hoa Lorenzo,2023-12-02,
Vernon Gross,2025-10-23,
Dwayne Knapp,2021-03-28,
Joseph Herold,2026-05-29,
Lucy Card,2021-10-02,
Mark Kiley,2021-09-15,
Rebecca Liebert,2024-09-30,
Leslie Beeson,2026-02-17,
James Clemons,2025-10-26,
Erin Jacobs,2026-10-25,
Mary Mccoy,2024-01-21,
Frances Richardson,2020-01-14,
Kellie Briggs,2022-06-27,
Rochelle Gallagher,2022-04-12,
Gladys Jimenez,2022-12-11,
Daniel Diaz,2023-10-27,
Stanley Lawson,2024-01-17,
Roy Mclean,2021-06-11,
Brent Leavell,2021-11-07,
Erik Niebuhr,2021-07-13,
Sue Gilmore,2024-08-30,
Mckinley Henderson,2020-09-15,
Yolanda Perry,2022-11-05,
Margaret Sager,2026-01-21,
Whitney Nikolic,2023-05-09,
William Tyler,2020-09-29,
Nancy Mcdonald,2021-11-11,
Christine Black,2022-05-15,
Charlette Head,2023-11-24,
Lizzie Treuter,2026-06-12,
Karen Hamann,2025-07-09,
Verda Prince,2024-02-14,
David Numbers,2025-01-30,
Nancy Pai,2021-12-08,
Martha Demond,2025-08-13,
Jennifer Kearns,2024-01-13,
Sheila Mackey,2026-09-12,
Dorothy Erkkila,2021-09-23,
Jane Wang,2023-06-03,
Henrietta Willis,2021-07-31,
Ann Lewis,2020-03-05,
Vernon Harris,2026-08-12,
Katherine Baisden,2022-12-19,
Martin Jefferson,2025-06-09,
Rhoda Tomer,2024-02-21,
Robert Fryer,2026-01-22,
Steven Snider,2024-08-01,
Ricky Cupp,2020-08-08,
David Coon,2025-09-11,
Christina Cordell,2022-01-26,
Kimberly Bennett,2023-09-16,
Sonja Villar,2026-01-31,
Tonia Boulanger,2026-12-27,
Kimberly Mccarthy,2021-02-14,
Mary Lorenz,2020-10-21,
John Powell,2020-03-21,
Bernice Taylor,2025-03-08,
Scott Johnson,2026-04-21,
Rosa Avina,2021-06-10,
Wendy Tarr,2021-04-15,
Regina Buchanon,2021-08-25,
Kathryn Cormier,2024-01-22,
Matthew Davis,2023-07-30,
Jerry Zaring,2023-04-23,
Ralph Bradley,2020-02-06,
Clarita Grant,2025-07-10,
Debbie Perez,2025-09-02,
Ronald Gibson,2021-11-16,
Juan Criswell,2023-01-03,
Belinda Sims,2025-10-21,
Christopher Bixler,2025-02-24,
John Hughes,2025-11-19,
Lawrence Borne,2023-08-23,
Kimberly Simpson,2024-12-30,
Elissa Decook,2022-07-17,
Venetta Smith,2022-05-02,
Vincent Engebretson,2023-12-03,
Donald Crespo,2021-10-02,
Woodrow Vidales,2025-05-27,
William Crosby,2020-08-16,
Jackeline Corbeil,2026-06-16,
Mary Kramarczyk,2025-09-09,
Krista Jones,2025-01-24,
Anna Madison,2020-04-29,
Zoe Braxton,2023-05-16,
Helen Rodriguez,2021-12-11,
Helen Bailly,2022-05-12,
Ronald Hardin,2023-06-26,
Carol Newman,2025-04-17,
Leroy Stokes,2020-10-10,
Viola Depner,2025-11-19,
Juan Maddox,2026-04-06,
Rachel Burman,2022-04-21,
Daryl Clifford,2025-05-11,
Armand Willey,2022-08-08,
Rachell Fortier,2023-07-05,
Margaret Duckworth,2022-05-03,
Linda Upright,2023-06-12,
Kent Paul,2021-08-28,
Teresa Thompson,2024-04-17,
Louise Argabright,2025-01-24,
Margaret Bryant,2026-07-12,
George Tapia,2022-05-09,
Andrea Mcdaniels,2022-04-22,
Marisela Otis,2024-10-09,
Elizabeth Lombardi,2024-05-11,
Angela Mcclain,2024-09-29,
Sergio Sandoval,2025-11-22,
Pamela Kallas,2023-04-08,
Ruben Rogers,2023-11-18,
Jodi Nickerson,2025-12-24,
John Patterson,2022-06-18,
Sabine Miller,2020-03-04,
Tanya Giles,2020-08-07,
Jeffrey Dang,2023-11-29,
Kim Silverstein,2023-03-16,
Patricia Wilson,2022-01-28,
Ashley Wolfe,2025-01-26,
Mina Gary,2021-06-25,
Anthony Howard,2024-02-04,
Rebecca Berry,2023-08-14,
Erin Stout,2021-08-27,
Maria Laud,2024-12-13,
Christy Setzer,2020-08-01,
Donald Ray,2023-04-14,
James Hayes,2020-04-25,
Marshall Sinisi,2023-04-06,
Shana Mohr,2026-08-26,
Beverly Arko,2022-04-03,
Carl Walker,2023-02-20,
Boyd Bobrow,2020-05-13,
Cody Kinkade,2020-12-01,
Charles Moses,2020-10-22,
Dana Silva,2026-11-19,
Alan Hackman,2024-04-16,
Scott Pena,2020-07-29,
Irene Fain,2021-12-17,
Daniel Baldwin,2020-01-04,
Melissa Bodo,2025-07-05,
Maria Todd,2026-08-22,
James Young,2021-09-22,
Diana Bissell,2024-04-03,
Maria Duckworth,2025-12-11,
Jarvis Hema,2025-12-07,
Mary Kelly,2023-12-08,
Dorothy Shah,2024-06-14,
Connie Vien,2022-07-29,
Garry Howard,2025-02-25,
Floyd Craze,2022-02-27,
Alexander Obrien,2026-01-13,
Kyle Higgins,2025-12-12,
Dale Stewart,2024-11-08,
Lawrence Miner,2022-10-27,
Abraham Cardenas,2022-10-27,
Christine Massie,2025-08-27,
Patricia Washington,2020-01-22,
Chester Hendricks,2022-12-27,
Eugene Bayles,2020-12-10,
Patricia Waage,2021-02-04,
Peter Pettiford,2021-05-24,
Wayne Kalar,2020-11-05,
Rick Pina,2026-12-15,
Donna Jeffers,2024-01-14,
Elizabeth Gagne,2021-08-31,
Donna Romero,2023-04-13,
Barry Nash,2025-01-10,
Terry Marshall,2021-12-24,
Phillip Carranza,2024-09-01,
Robert Rhoades,2020-02-18,
Naomi Wilson,2022-07-29,
Robert Kelly,2025-02-22,
Drusilla Brown,2020-07-18,
Margaret Cartmill,2022-09-24,
Tracie Lopez,2020-10-20,
Robert Elson,2020-02-19,
Tim Mckenzie,2024-01-05,
James Quinn,2020-01-19,
Larry Hunt,2021-11-22,
Robert Spaulding,2025-06-14,
Stephen Cager,2023-12-25,
Roy Huston,2021-05-24,
Phillip Gattshall,2026-07-09,
Manuel Lacasse,2025-09-02,
Jeffrey Price,2021-01-01,
Kirstin Broadwater,2020-09-30,
Patrick Moody,2021-04-18,
Paul Stiles,2022-05-22,
Ingrid Lang,2025-11-22,
Douglas Simmons,2022-11-14,
Christine Potter,2020-01-21,
Christopher Morant,2022-07-04,
Lois Yon,2022-07-01,
Rochelle Hedge,2023-02-09,
John Hawkins,2023-06-23,
Mary Stallings,2022-02-12,
Janet Edwards,2023-03-29,
Randal Gist,2023-05-29,
David Benett,2021-02-28,
Ronald Sessoms,2020-04-11,
Rita Srey,2025-01-23,
Alex Brown,2025-11-11,
Wesley Huppert,2026-07-23,
Clark Mccoy,2026-01-31,
Lesley Lucy,2025-05-09,
Nancy Hafley,2026-11-20,
Judy Jackson,2021-09-26,
Vincent Koch,2025-08-22,
Linda Ammons,2025-05-02,
Stewart Huynh,2021-10-05,
Cordia Macki,2025-07-20,
Dolores Wilbourn,2024-03-08,
Daniel Spain,2022-09-07,
Priscilla Wilson,2023-01-29,
Leola Vissering,2023-01-31,
Lavone Guerin,2020-07-28,
Teresa Trax,2022-10-08,
Kristie Johnson,2022-04-01,
Michael Samson,2024-12-07,
Christine Romero,2021-05-18,
Dustin Bush,2026-03-13,
Randy Gibson,2025-12-12,
Ebony Beierle,2022-10-12,
Mary Boyd,2020-12-26,
Joann Los,2020-11-05,
Helen Outlaw,2026-03-07,
Terry Chavez,2022-05-20,
Mary Johnson,2023-06-26,
Donna Christensen,2021-11-25,
Laurel Lucas,2026-05-16,
Dawn Courtemanche,2026-10-15,
John Hedges,2025-07-09,
Inez Howe,2025-10-18,
Sally Crocker,2021-08-19,
Andrew Messner,2021-01-03,
Dorothy Hoang,2021-05-09,
Elizabeth Thomas,2025-04-28,
Rhonda Williams,2024-05-15,
Lisa Imperato,2024-01-04,
Diane Babb,2024-12-05,
Elizabeth Beveridge,2025-09-24,
Richard Hileman,2021-07-16,
Eva Castaneda,2025-10-01,
Margaret Johnson,2022-02-25,
Jeffrey Couch,2025-10-07,
Laura Browne,2025-10-07,
Cecil Purser,2024-10-13,
Billie Bode,2026-03-05,
Leo Bristow,2021-02-10,
Walter Arsenault,2026-08-14,
Joanie Woodard,2022-08-06,
Rachel Carter,2021-04-18,
Thomas Woodbury,2020-01-15,
Earl Fielding,2026-11-10,
Gerald Tyndall,2022-09-24,
Jody Peters,2022-09-30,
Jessie Page,2023-12-22,
Nancy Pichette,2023-07-25,
James Birks,2023-11-08,
Pamela Sumners,2020-05-20,
Mary Hutto,2025-07-21,
Santiago Cross,2023-09-10,
Dorothy Simms,2020-08-19,
Edelmira Petersen,2025-09-14,
Edna Fernandez,2023-07-04,
Jack Merten,2024-03-13,
James Cilek,2025-12-06,
Lewis Wentz,2022-06-07,
Andrew Wiggins,2024-08-05,
Barbara Lomeli,2024-04-22,
Jesus Hill,2023-10-10,
William Rose,2024-06-28,
James Mcmillan,2020-07-12,
Sharon Raab,2023-04-07,
James Byassee,2025-04-09,
Roy Price,2024-07-12,
Linda Odell,2025-02-03,
Bonnie Darnley,2025-04-14,
Judith Sparks,2021-06-10,
Jarod Caldwell,2021-10-16,
Sean Pennington,2021-05-15,
Earl Swink,2020-08-20,
Ann Kircher,2025-04-20,
Elizabeth Carlisle,2020-07-09,
Julian Woodward,2024-03-09,
Richard Whitaker,2021-11-14,
Maria Elliam,2021-06-02,
Joey Holt,2025-03-26,
David Hafer,2026-04-10,
Wendy Fritts,2025-10-20,
Matthew Seals,2020-03-28,
Edward Webster,2026-02-17,
Ty Nicholson,2025-12-14,
Vaughn Parrish,2026-12-05,
James Hicks,2022-11-15,
Dallas Pace,2020-10-18,
Albert Jones,2021-10-10,
Duane Bradley,2021-02-27,
Pamala Steven,2024-11-14,
Cynthia Madsen,2026-03-05,
Willis Hull,2024-04-11,
Robert Valliere,2022-07-04,
Erika Losey,2025-03-28,
Theodore Hilt,2020-04-29,
Trudy Doss,2026-08-28,
Robert Morton,2023-12-12,
Charles Bland,2024-05-21,
John Dangelo,2026-10-29,
Sonia Hatmaker,2025-07-23,
Lisa Davis,2024-04-19,
Dorothy Martinez,2025-03-12,
Ramona Robertson,2022-11-28,
Stanley Allgood,2024-09-24,
Elizabeth Tucker,2021-05-03,
Sheila Babers,2024-04-30,
James Labbie,2024-07-20,
Salvador Golden,2020-01-30,
Rita Wonders,2020-12-01,
Kevin Perez,2026-08-19,
Nelson Mccarthy,2023-02-26,
Mark Cooley,2020-01-14,
Debbie Matin,2021-08-25,
Tyson Waldo,2021-08-15,
Adrienne Mccool,2020-02-26,
Shirl Rodriguez,2021-12-01,
Rachel Gainer,2021-03-11,
Dionne Ball,2021-05-08,
Thomas Mittendorf,2020-11-17,
Martha Dick,2025-03-22,
Randall Jones,2023-10-21,
James Villanveva,2025-08-23,
Pamela Crockett,2021-06-19,
Ernest Donahue,2022-11-09,
Virginia Respress,2025-07-19,
Domingo Phillips,2023-08-14,
Joanna Cantwell,2025-03-19,
Angela Hankins,2023-08-25,
Betty Oliver,2025-11-20,
Joe Johnston,2026-06-27,
Angel Glass,2021-05-16,
Pauline Prince,2021-12-20,
James Gray,2020-05-21,
Flora Reynolds,2021-07-29,
Thomas Rayburn,2021-11-01,
Iris Prioleau,2024-08-07,
David Gomez,2024-03-25,
Michael Cook,2024-02-11,
Jimmy Cabrera,2023-07-25,
